{
  "generated": "2026-01-13T11:27:49+08:00",
  "engine_mode": "zip",
  "template": {
    "name": "parse_other_data",
    "description": "Samples for expanding analyzer beyond prefab/recipe: STRINGS, Widgets, Brains, Stategraphs, LootTables, Components."
  },
  "categories": [
    "STRINGS",
    "Widgets",
    "Brains",
    "Stategraphs",
    "LootTables",
    "Components"
  ],
  "chosen": {
    "STRINGS": [
      "scripts/strings.lua",
      "scripts/dlcsupport_strings.lua"
    ],
    "Widgets": [
      "scripts/screens/redux/lobbyscreen.lua",
      "scripts/screens/redux/multiplayermainscreen.lua"
    ],
    "Brains": [],
    "Stategraphs": [],
    "LootTables": [
      "scripts/components/lootdropper.lua"
    ],
    "Components": []
  },
  "files": {
    "STRINGS": [
      {
        "path": "scripts/strings.lua",
        "sha256_12": "c473909148f0",
        "lines": 18126,
        "head_lines": 120,
        "snippet_blocks": 10
      },
      {
        "path": "scripts/dlcsupport_strings.lua",
        "sha256_12": "503f1a6380ef",
        "lines": 102,
        "head_lines": 102,
        "snippet_blocks": 2
      }
    ],
    "Widgets": [
      {
        "path": "scripts/screens/redux/lobbyscreen.lua",
        "sha256_12": "788ed557fcc6",
        "lines": 852,
        "head_lines": 120,
        "snippet_blocks": 10
      },
      {
        "path": "scripts/screens/redux/multiplayermainscreen.lua",
        "sha256_12": "3ade80d11037",
        "lines": 1319,
        "head_lines": 120,
        "snippet_blocks": 10
      }
    ],
    "Brains": [],
    "Stategraphs": [],
    "LootTables": [
      {
        "path": "scripts/components/lootdropper.lua",
        "sha256_12": "96a241a22ccb",
        "lines": 426,
        "head_lines": 120,
        "snippet_blocks": 3
      }
    ],
    "Components": []
  },
  "limits": {
    "max_chars_per_file": 18000,
    "max_total_chars": 260000
  },
  "defaults": {
    "head_lines": 120,
    "snippet_blocks": 10,
    "context_lines": 4
  }
}