{
  "generated": "2026-01-13T14:15:05+08:00",
  "engine_mode": "zip",
  "total_files": 3915,
  "lua_files": 3901,
  "categories": {
    "Prefabs": 1533,
    "Components": 782,
    "Stategraphs": 250,
    "Brains": 184,
    "Behaviours": 28,
    "Widgets": 268,
    "Screens": 134,
    "Strings": 9,
    "Recipes": 2,
    "Tuning": 1
  },
  "top_dirs": [
    {
      "dir": "prefabs",
      "count": 1533
    },
    {
      "dir": "components",
      "count": 782
    },
    {
      "dir": "map",
      "count": 444
    },
    {
      "dir": "widgets",
      "count": 268
    },
    {
      "dir": "stategraphs",
      "count": 250
    },
    {
      "dir": "[Root]",
      "count": 214
    },
    {
      "dir": "brains",
      "count": 184
    },
    {
      "dir": "screens",
      "count": 134
    },
    {
      "dir": "scenarios",
      "count": 50
    },
    {
      "dir": "behaviours",
      "count": 28
    },
    {
      "dir": "util",
      "count": 7
    },
    {
      "dir": "languages",
      "count": 2
    },
    {
      "dir": "tools",
      "count": 2
    },
    {
      "dir": "nis",
      "count": 2
    },
    {
      "dir": "cameras",
      "count": 1
    }
  ],
  "top_second_level": [
    {
      "dir": "map/static_layouts",
      "count": 340
    },
    {
      "dir": "widgets/redux",
      "count": 88
    },
    {
      "dir": "screens/redux",
      "count": 71
    },
    {
      "dir": "map/rooms",
      "count": 42
    },
    {
      "dir": "map/tasks",
      "count": 10
    },
    {
      "dir": "map/tasksets",
      "count": 4
    },
    {
      "dir": "map/levels",
      "count": 4
    },
    {
      "dir": "components/digester.lua",
      "count": 1
    },
    {
      "dir": "prefabs/reviver_cupid_beat_fx.lua",
      "count": 1
    },
    {
      "dir": "prefabs/structure_collapse_fx.lua",
      "count": 1
    },
    {
      "dir": "components/cookbookupdater.lua",
      "count": 1
    },
    {
      "dir": "prefabs/cutreeds.lua",
      "count": 1
    },
    {
      "dir": "prefabs/hermitcrab_relocation_kit.lua",
      "count": 1
    },
    {
      "dir": "components/vanish_on_sleep.lua",
      "count": 1
    },
    {
      "dir": "map/placement.lua",
      "count": 1
    },
    {
      "dir": "prefabs/yotd_boats.lua",
      "count": 1
    },
    {
      "dir": "prefabs/mushtree_webbed.lua",
      "count": 1
    },
    {
      "dir": "components/flotationdevice.lua",
      "count": 1
    },
    {
      "dir": "brains/spatbrain.lua",
      "count": 1
    },
    {
      "dir": "prefabs/chum.lua",
      "count": 1
    },
    {
      "dir": "widgets/listcursor.lua",
      "count": 1
    },
    {
      "dir": "components/wintertreegiftable.lua",
      "count": 1
    },
    {
      "dir": "components/projectedeffects.lua",
      "count": 1
    },
    {
      "dir": "prefabs/shadowchesspieces.lua",
      "count": 1
    },
    {
      "dir": "prefabs/monkeyhut.lua",
      "count": 1
    },
    {
      "dir": "prefabs/boat_leak.lua",
      "count": 1
    },
    {
      "dir": "map/settings.lua",
      "count": 1
    },
    {
      "dir": "components/pocketwatch.lua",
      "count": 1
    },
    {
      "dir": "components/shard_players.lua",
      "count": 1
    },
    {
      "dir": "components/winonateleportpadmanager.lua",
      "count": 1
    },
    {
      "dir": "prefabs/canopyshadows.lua",
      "count": 1
    },
    {
      "dir": "prefabs/alterguardian_lunar_fissures.lua",
      "count": 1
    },
    {
      "dir": "prefabs/hitsparks_fx.lua",
      "count": 1
    },
    {
      "dir": "stategraphs/SGwilson.lua",
      "count": 1
    },
    {
      "dir": "brains/catcoonbrain.lua",
      "count": 1
    },
    {
      "dir": "brains/krampusbrain.lua",
      "count": 1
    },
    {
      "dir": "components/furnituredecor.lua",
      "count": 1
    },
    {
      "dir": "scenarios/chest_ghosts.lua",
      "count": 1
    },
    {
      "dir": "prefabs/atrium_gate_pulsesfx.lua",
      "count": 1
    },
    {
      "dir": "components/klaussackkey.lua",
      "count": 1
    },
    {
      "dir": "brains/rockybrain.lua",
      "count": 1
    },
    {
      "dir": "prefabs/quagmire_parkspike.lua",
      "count": 1
    },
    {
      "dir": "map/caves_retrofit_land.lua",
      "count": 1
    },
    {
      "dir": "widgets/inventorybar.lua",
      "count": 1
    },
    {
      "dir": "components/moistureabsorberuser.lua",
      "count": 1
    },
    {
      "dir": "components/yotc_racestats.lua",
      "count": 1
    },
    {
      "dir": "stategraphs/SGgnarwail.lua",
      "count": 1
    },
    {
      "dir": "prefabs/ancienttrees.lua",
      "count": 1
    },
    {
      "dir": "widgets/nineslice.lua",
      "count": 1
    },
    {
      "dir": "scenarios/icebox_summer.lua",
      "count": 1
    },
    {
      "dir": "components/constructionbuilderuidata.lua",
      "count": 1
    },
    {
      "dir": "components/boatphysics.lua",
      "count": 1
    },
    {
      "dir": "prefabs/carpentry_station.lua",
      "count": 1
    },
    {
      "dir": "prefabs/rope.lua",
      "count": 1
    },
    {
      "dir": "prefabs/gelblob_attach_fx.lua",
      "count": 1
    },
    {
      "dir": "components/areaaware.lua",
      "count": 1
    },
    {
      "dir": "prefabs/lavaarena_fossilizing.lua",
      "count": 1
    },
    {
      "dir": "brains/wagdrone_rollingbrain.lua",
      "count": 1
    },
    {
      "dir": "brains/hostedbrain.lua",
      "count": 1
    },
    {
      "dir": "prefabs/eyeflame.lua",
      "count": 1
    }
  ],
  "largest_lua_files": [
    {
      "path": "scripts/map/static_layouts/maxwellhome.lua",
      "bytes": 1171726
    },
    {
      "path": "scripts/stategraphs/SGwilson.lua",
      "bytes": 903189
    },
    {
      "path": "scripts/strings.lua",
      "bytes": 801652
    },
    {
      "path": "scripts/skins_defs_data.lua",
      "bytes": 739739
    },
    {
      "path": "scripts/prefabs/skinprefabs.lua",
      "bytes": 611329
    },
    {
      "path": "scripts/screens/redux/scrapbookdata.lua",
      "bytes": 552781
    },
    {
      "path": "scripts/skin_strings.lua",
      "bytes": 545013
    },
    {
      "path": "scripts/skin_assets.lua",
      "bytes": 523437
    },
    {
      "path": "scripts/misc_items.lua",
      "bytes": 426198
    },
    {
      "path": "scripts/clothing.lua",
      "bytes": 368314
    },
    {
      "path": "scripts/tuning.lua",
      "bytes": 306452
    },
    {
      "path": "scripts/speech_wanda.lua",
      "bytes": 286689
    },
    {
      "path": "scripts/speech_wickerbottom.lua",
      "bytes": 281552
    },
    {
      "path": "scripts/speech_walter.lua",
      "bytes": 275465
    },
    {
      "path": "scripts/speech_warly.lua",
      "bytes": 264555
    },
    {
      "path": "scripts/speech_wortox.lua",
      "bytes": 259859
    },
    {
      "path": "scripts/speech_winona.lua",
      "bytes": 256407
    },
    {
      "path": "scripts/speech_wendy.lua",
      "bytes": 255887
    },
    {
      "path": "scripts/speech_wathgrithr.lua",
      "bytes": 255692
    },
    {
      "path": "scripts/speech_waxwell.lua",
      "bytes": 252497
    },
    {
      "path": "scripts/speech_woodie.lua",
      "bytes": 252369
    },
    {
      "path": "scripts/speech_willow.lua",
      "bytes": 250964
    },
    {
      "path": "scripts/actions.lua",
      "bytes": 247992
    },
    {
      "path": "scripts/prefabs/hats.lua",
      "bytes": 246091
    },
    {
      "path": "scripts/speech_wolfgang.lua",
      "bytes": 242983
    },
    {
      "path": "scripts/stategraphs/SGwilson_client.lua",
      "bytes": 242649
    },
    {
      "path": "scripts/speech_webber.lua",
      "bytes": 241929
    },
    {
      "path": "scripts/speech_wilson.lua",
      "bytes": 241665
    },
    {
      "path": "scripts/speech_wx78.lua",
      "bytes": 239019
    },
    {
      "path": "scripts/speech_wurt.lua",
      "bytes": 224456
    },
    {
      "path": "scripts/components/playercontroller.lua",
      "bytes": 217095
    },
    {
      "path": "scripts/speech_wormwood.lua",
      "bytes": 196301
    },
    {
      "path": "scripts/recipes.lua",
      "bytes": 185684
    },
    {
      "path": "scripts/stategraphs/SGhermitcrab.lua",
      "bytes": 182595
    },
    {
      "path": "scripts/map/static_layouts/retrofit_moonisland_large.lua",
      "bytes": 171774
    },
    {
      "path": "scripts/debugcommands.lua",
      "bytes": 147903
    },
    {
      "path": "scripts/map/static_layouts/events/quagmire_kitchen.lua",
      "bytes": 147606
    },
    {
      "path": "scripts/prefabskin.lua",
      "bytes": 142184
    },
    {
      "path": "scripts/componentactions.lua",
      "bytes": 132106
    },
    {
      "path": "scripts/worldsettings_overrides.lua",
      "bytes": 130139
    },
    {
      "path": "scripts/screens/redux/optionsscreen.lua",
      "bytes": 126378
    },
    {
      "path": "scripts/map/static_layouts/monkeyisland_retrofitlarge_01.lua",
      "bytes": 123015
    },
    {
      "path": "scripts/fx.lua",
      "bytes": 116026
    },
    {
      "path": "scripts/prefabs/player_common.lua",
      "bytes": 112931
    },
    {
      "path": "scripts/screens/redux/serverlistingscreen.lua",
      "bytes": 111828
    },
    {
      "path": "scripts/map/static_layouts/monkeyisland_retrofitlarge_02.lua",
      "bytes": 105089
    },
    {
      "path": "scripts/screens/serverlistingscreen.lua",
      "bytes": 104807
    },
    {
      "path": "scripts/map/static_layouts/events/lava_arena.lua",
      "bytes": 100927
    },
    {
      "path": "scripts/stategraphs/commonstates.lua",
      "bytes": 91814
    },
    {
      "path": "scripts/map/static_layouts/retrofit_moonisland_medium.lua",
      "bytes": 91154
    }
  ]
}