{
  "name": "analyzer-focus",
  "default_action": "omit",
  "full": [
    "src/analyzer.py",
    "src/engine.py",
    "src/explorer.py",
    "src/wiki.py",
    "src/utils.py",
    "src/registry.py",
    "tests/**/*.py",
    "devtools/reporter.py",
    "PROJECT_STATUS.json",
    "conf/settings.ini",
    "data/reports/**/*.md"
  ],
  "stub": [
    "README.md",
    "devtools/pm.py",
    "devtools/installer.py",
    "devtools/snapshot.py",
    "bin/**"
  ],
  "omit": [
    "snapshots/**",
    "project_context*.txt",
    "**/*.swp",
    "**/*.log",
    "**/.env*",
    "**/*.png",
    "**/*.pdf"
  ],
  "options": {
    "max_file_bytes": 120000,
    "max_total_bytes": 900000,
    "inventory_limit": 300,
    "include_tree": true,
    "include_env": true,
    "include_git": true,
    "include_registry_summary": true,
    "include_import_graph": true,
    "include_status": true
  }
}
